{
    "cart":"🛒",
    "mao":"🤝",
    "engrenagem":"⚙",
    "papel":"📝",
    "mercadopago":"<:MercadoPago_next:1193052962352803891>",
    "dinheiro":"💸",
    "voltar":"⬅",
    "prancheta":"📋",
    "pix":"💠",
    "paleta":"🎨",
    "chavefenda":"🔧",
    "ferra":"🛠",
    "livro":"📒",
    "carregar":"🔁",
    "nao":"❌",
    "planeta":"🪐",
    "caixa":"📦",
    "lupa":"🔎",
    "etiqueta":"🏷",
    "lixeira":"🗑",
    "mais":"➕",
    "menos":"➖",
    "aviso":"⚠",
    "sim":"✅",
    "ola":"👋",
    "duvida":"❔",
    "lapis":"✏",
    "dinheiro2":"💵",
    "buzina":"📢",
    "user":"👤",
    "horario":"⏰",
    "chave":"🔑",
    "raio":"⚡",
    "coracao":"❤️",
    "nsei":"💫",
    "id":"🆔",
    "calendario":"📅",
    "cupom":"💳",
    "banco":"🏛"
}